"id","polygon","transport","quantile"
"0","POLYGON ((9.25660688825009 48.71959688825009, 9.274573111749909 48.71959688825009, 9.274573111749909 48.737563111749914, 9.25660688825009 48.737563111749914, 9.25660688825009 48.71959688825009))","passenger","129.5"
"1","POLYGON ((9.34921688825009 48.72241688825009, 9.36718311174991 48.72241688825009, 9.36718311174991 48.740383111749914, 9.34921688825009 48.740383111749914, 9.34921688825009 48.72241688825009))","passenger","125.65"
"2","POLYGON ((9.258826888250091 48.75404688825009, 9.27679311174991 48.75404688825009, 9.27679311174991 48.772013111749914, 9.258826888250091 48.772013111749914, 9.258826888250091 48.75404688825009))","passenger","125.0"
"3","POLYGON ((9.33886688825009 48.74355688825009, 9.356833111749909 48.74355688825009, 9.356833111749909 48.761523111749916, 9.33886688825009 48.761523111749916, 9.33886688825009 48.74355688825009))","passenger","144.0"
