"id","polygon"
"polygon_0","POLYGON ((9.281301688825009 48.749001688825004, 9.28309831117499 48.749001688825004, 9.28309831117499 48.75079831117499, 9.281301688825009 48.75079831117499, 9.281301688825009 48.749001688825004))"
