"id","polygon"
"polygon_0","POLYGON ((9.25660688825009 48.71959688825009, 9.274573111749909 48.71959688825009, 9.274573111749909 48.737563111749914, 9.25660688825009 48.737563111749914, 9.25660688825009 48.71959688825009))"
"polygon_1","POLYGON ((9.296898444125045 48.73505344412504, 9.305881555874954 48.73505344412504, 9.305881555874954 48.744036555874956, 9.296898444125045 48.744036555874956, 9.296898444125045 48.73505344412504))"
