"id","polygon"
"polygon_0","POLYGON ((9.296898444125045 48.73505344412504, 9.305881555874954 48.73505344412504, 9.305881555874954 48.744036555874956, 9.296898444125045 48.744036555874956, 9.296898444125045 48.73505344412504))"
