"id","polygon"
"polygon_s","POLYGON ((9.28822681421639 48.74276032714531, 9.28822681421639 48.74061047264683, 9.292100767050114 48.74061047264683, 9.292100767050114 48.74276032714531, 9.28822681421639 48.74276032714531))"
"polygon_f","POLYGON ((9.28822681421639 48.74276032714531, 9.28822681421639 48.74061047264683, 9.292100767050114 48.74061047264683, 9.292100767050114 48.74276032714531, 9.28822681421639 48.74276032714531))"
"polygon_k","POLYGON ((9.28822681421639 48.74276032714531, 9.28822681421639 48.74061047264683, 9.292100767050114 48.74061047264683, 9.292100767050114 48.74276032714531, 9.28822681421639 48.74276032714531))"
"polygon_m","POLYGON ((9.28822681421639 48.74276032714531, 9.28822681421639 48.74061047264683, 9.292100767050114 48.74061047264683, 9.292100767050114 48.74276032714531, 9.28822681421639 48.74276032714531))"
